[{"model": "admin.logentry", "pk": 1, "fields": {"action_time": "2024-03-03T07:11:10.937Z", "user": 1, "content_type": 7, "object_id": "1", "object_repr": "rmagrawal@scu.edu", "action_flag": 1, "change_message": "[{\"added\": {}}]"}}, {"model": "admin.logentry", "pk": 2, "fields": {"action_time": "2024-03-03T07:12:36.731Z", "user": 1, "content_type": 7, "object_id": "1", "object_repr": "rmagrawal@scu.edu", "action_flag": 2, "change_message": "[{\"changed\": {\"fields\": [\"Profile picture\", \"Cover photo\", \"Address\", \"Country\"]}}]"}}, {"model": "admin.logentry", "pk": 3, "fields": {"action_time": "2024-03-03T07:17:14.950Z", "user": 1, "content_type": 7, "object_id": "1", "object_repr": "rmagrawal@scu.edu", "action_flag": 2, "change_message": "[{\"changed\": {\"fields\": [\"Profile picture\", \"Cover photo\"]}}]"}}, {"model": "admin.logentry", "pk": 4, "fields": {"action_time": "2024-03-03T07:23:10.878Z", "user": 1, "content_type": 6, "object_id": "2", "object_repr": "", "action_flag": 1, "change_message": "[{\"added\": {}}]"}}, {"model": "admin.logentry", "pk": 5, "fields": {"action_time": "2024-03-03T07:25:33.311Z", "user": 1, "content_type": 6, "object_id": "2", "object_repr": "", "action_flag": 3, "change_message": ""}}, {"model": "admin.logentry", "pk": 6, "fields": {"action_time": "2024-03-03T07:26:11.350Z", "user": 1, "content_type": 6, "object_id": "5", "object_repr": "", "action_flag": 1, "change_message": "[{\"added\": {}}]"}}, {"model": "admin.logentry", "pk": 7, "fields": {"action_time": "2024-03-03T07:26:31.101Z", "user": 1, "content_type": 6, "object_id": "5", "object_repr": "agrawalrishabhmanoj@gmail.com", "action_flag": 2, "change_message": "[{\"changed\": {\"fields\": [\"First name\", \"Last name\", \"Username\", \"Email\", \"Phone number\", \"Role\"]}}]"}}, {"model": "admin.logentry", "pk": 8, "fields": {"action_time": "2024-03-04T00:16:47.370Z", "user": 1, "content_type": 6, "object_id": "11", "object_repr": "test1234@gmail.com", "action_flag": 2, "change_message": "[{\"changed\": {\"fields\": [\"Is active\"]}}]"}}, {"model": "admin.logentry", "pk": 9, "fields": {"action_time": "2024-03-04T00:21:44.830Z", "user": 1, "content_type": 6, "object_id": "12", "object_repr": "test@gmail.com", "action_flag": 2, "change_message": "[{\"changed\": {\"fields\": [\"password\"]}}]"}}, {"model": "admin.logentry", "pk": 10, "fields": {"action_time": "2024-03-04T00:21:50.763Z", "user": 1, "content_type": 6, "object_id": "12", "object_repr": "test@gmail.com", "action_flag": 2, "change_message": "[{\"changed\": {\"fields\": [\"Is active\"]}}]"}}, {"model": "admin.logentry", "pk": 11, "fields": {"action_time": "2024-03-04T01:38:18.903Z", "user": 1, "content_type": 6, "object_id": "13", "object_repr": "rma4242124@gmail.com", "action_flag": 3, "change_message": ""}}, {"model": "admin.logentry", "pk": 12, "fields": {"action_time": "2024-03-04T01:52:55.121Z", "user": 1, "content_type": 7, "object_id": "12", "object_repr": "rma4242124@gmail.com", "action_flag": 3, "change_message": ""}}, {"model": "admin.logentry", "pk": 13, "fields": {"action_time": "2024-03-04T02:00:57.279Z", "user": 1, "content_type": 6, "object_id": "15", "object_repr": "rmagrawal@getathelas.com", "action_flag": 3, "change_message": ""}}, {"model": "admin.logentry", "pk": 14, "fields": {"action_time": "2024-03-04T02:00:57.284Z", "user": 1, "content_type": 6, "object_id": "14", "object_repr": "rma4242124@gmail.com", "action_flag": 3, "change_message": ""}}, {"model": "admin.logentry", "pk": 15, "fields": {"action_time": "2024-03-04T02:25:44.975Z", "user": 1, "content_type": 6, "object_id": "18", "object_repr": "rishabh.agrawal@getathelas.com", "action_flag": 3, "change_message": ""}}, {"model": "admin.logentry", "pk": 16, "fields": {"action_time": "2024-03-04T02:25:44.981Z", "user": 1, "content_type": 6, "object_id": "17", "object_repr": "rmagrawal@getathelas.com", "action_flag": 3, "change_message": ""}}, {"model": "admin.logentry", "pk": 17, "fields": {"action_time": "2024-03-04T02:25:44.982Z", "user": 1, "content_type": 6, "object_id": "16", "object_repr": "rma4242124@gmail.com", "action_flag": 3, "change_message": ""}}, {"model": "admin.logentry", "pk": 18, "fields": {"action_time": "2024-03-04T03:07:01.802Z", "user": 1, "content_type": 6, "object_id": "20", "object_repr": "rma4242124@gmail.com", "action_flag": 3, "change_message": ""}}, {"model": "admin.logentry", "pk": 19, "fields": {"action_time": "2024-03-04T03:08:39.500Z", "user": 1, "content_type": 6, "object_id": "21", "object_repr": "rma4242124@gmail.com", "action_flag": 3, "change_message": ""}}, {"model": "admin.logentry", "pk": 20, "fields": {"action_time": "2024-03-04T03:09:07.181Z", "user": 1, "content_type": 8, "object_id": "1", "object_repr": "Test Vendor", "action_flag": 3, "change_message": ""}}, {"model": "admin.logentry", "pk": 21, "fields": {"action_time": "2024-03-04T03:10:46.593Z", "user": 1, "content_type": 8, "object_id": "4", "object_repr": "Test Vendor1111111", "action_flag": 2, "change_message": "[{\"changed\": {\"fields\": [\"Is approved\"]}}]"}}, {"model": "admin.logentry", "pk": 22, "fields": {"action_time": "2024-03-04T03:11:41.695Z", "user": 1, "content_type": 8, "object_id": "4", "object_repr": "Test Vendor1111111", "action_flag": 2, "change_message": "[{\"changed\": {\"fields\": [\"Is approved\"]}}]"}}, {"model": "admin.logentry", "pk": 23, "fields": {"action_time": "2024-03-04T03:17:48.617Z", "user": 1, "content_type": 8, "object_id": "4", "object_repr": "Test Vendor1111111", "action_flag": 2, "change_message": "[{\"changed\": {\"fields\": [\"Is approved\"]}}]"}}, {"model": "admin.logentry", "pk": 24, "fields": {"action_time": "2024-03-04T03:18:36.541Z", "user": 1, "content_type": 6, "object_id": "22", "object_repr": "rma4242124@gmail.com", "action_flag": 2, "change_message": "[{\"changed\": {\"fields\": [\"password\"]}}]"}}, {"model": "admin.logentry", "pk": 25, "fields": {"action_time": "2024-03-04T03:20:44.536Z", "user": 1, "content_type": 6, "object_id": "22", "object_repr": "rma4242124@gmail.com", "action_flag": 2, "change_message": "[{\"changed\": {\"fields\": [\"password\"]}}]"}}, {"model": "admin.logentry", "pk": 26, "fields": {"action_time": "2024-03-04T03:29:35.632Z", "user": 1, "content_type": 6, "object_id": "25", "object_repr": "rishabhagrawal.060138398ww093@gmail.com", "action_flag": 3, "change_message": ""}}, {"model": "admin.logentry", "pk": 27, "fields": {"action_time": "2024-03-04T03:29:35.638Z", "user": 1, "content_type": 6, "object_id": "24", "object_repr": "rishabhagrawal.060138398093@gmail.com", "action_flag": 3, "change_message": ""}}, {"model": "admin.logentry", "pk": 28, "fields": {"action_time": "2024-03-04T03:29:35.640Z", "user": 1, "content_type": 6, "object_id": "23", "object_repr": "rishabhagrawal.0601@gmail.com", "action_flag": 3, "change_message": ""}}, {"model": "admin.logentry", "pk": 29, "fields": {"action_time": "2024-03-04T03:29:52.744Z", "user": 1, "content_type": 6, "object_id": "12", "object_repr": "test@gmail.com", "action_flag": 3, "change_message": ""}}, {"model": "admin.logentry", "pk": 30, "fields": {"action_time": "2024-03-04T03:29:52.747Z", "user": 1, "content_type": 6, "object_id": "11", "object_repr": "test1234@gmail.com", "action_flag": 3, "change_message": ""}}, {"model": "admin.logentry", "pk": 31, "fields": {"action_time": "2024-03-04T03:29:52.750Z", "user": 1, "content_type": 6, "object_id": "10", "object_repr": "agrawalrishabhmano111221j@gmail.com", "action_flag": 3, "change_message": ""}}, {"model": "admin.logentry", "pk": 32, "fields": {"action_time": "2024-03-04T03:29:52.751Z", "user": 1, "content_type": 6, "object_id": "9", "object_repr": "agrawalrishabhmano1111j@gmail.com", "action_flag": 3, "change_message": ""}}, {"model": "admin.logentry", "pk": 33, "fields": {"action_time": "2024-03-04T03:29:52.753Z", "user": 1, "content_type": 6, "object_id": "8", "object_repr": "agrawalrishabhmanoj11@gmail.com", "action_flag": 3, "change_message": ""}}, {"model": "admin.logentry", "pk": 34, "fields": {"action_time": "2024-03-04T03:29:52.754Z", "user": 1, "content_type": 6, "object_id": "7", "object_repr": "agrawalrishabhmanoj@icloud.com", "action_flag": 3, "change_message": ""}}, {"model": "admin.logentry", "pk": 35, "fields": {"action_time": "2024-03-04T03:29:52.756Z", "user": 1, "content_type": 6, "object_id": "6", "object_repr": "agrawalrishabhmano1j@gmail.com", "action_flag": 3, "change_message": ""}}, {"model": "admin.logentry", "pk": 36, "fields": {"action_time": "2024-03-04T03:30:09.252Z", "user": 1, "content_type": 6, "object_id": "22", "object_repr": "rma4242124@gmail.com", "action_flag": 2, "change_message": "[{\"changed\": {\"fields\": [\"Is active\"]}}]"}}, {"model": "admin.logentry", "pk": 37, "fields": {"action_time": "2024-03-04T03:38:33.820Z", "user": 1, "content_type": 6, "object_id": "19", "object_repr": "rishabh.agrawal@getathelas.com", "action_flag": 2, "change_message": "[{\"changed\": {\"fields\": [\"password\"]}}]"}}, {"model": "admin.logentry", "pk": 38, "fields": {"action_time": "2024-03-04T04:56:46.485Z", "user": 1, "content_type": 7, "object_id": "20", "object_repr": "rma4242124@gmail.com", "action_flag": 2, "change_message": "[{\"changed\": {\"fields\": [\"Profile picture\", \"Cover photo\"]}}]"}}, {"model": "admin.logentry", "pk": 39, "fields": {"action_time": "2024-03-04T04:57:00.475Z", "user": 1, "content_type": 7, "object_id": "17", "object_repr": "rishabh.agrawal@getathelas.com", "action_flag": 2, "change_message": "[{\"changed\": {\"fields\": [\"Profile picture\", \"Cover photo\"]}}]"}}, {"model": "admin.logentry", "pk": 40, "fields": {"action_time": "2024-03-04T04:57:30.099Z", "user": 1, "content_type": 7, "object_id": "20", "object_repr": "rma4242124@gmail.com", "action_flag": 2, "change_message": "[{\"changed\": {\"fields\": [\"Address\", \"Country\", \"State\", \"City\", \"Pin code\"]}}]"}}, {"model": "admin.logentry", "pk": 41, "fields": {"action_time": "2024-03-04T05:02:48.147Z", "user": 1, "content_type": 7, "object_id": "20", "object_repr": "rma4242124@gmail.com", "action_flag": 2, "change_message": "[]"}}, {"model": "admin.logentry", "pk": 42, "fields": {"action_time": "2024-03-04T05:04:55.179Z", "user": 1, "content_type": 7, "object_id": "20", "object_repr": "rma4242124@gmail.com", "action_flag": 2, "change_message": "[{\"changed\": {\"fields\": [\"Address\", \"Country\"]}}]"}}, {"model": "admin.logentry", "pk": 43, "fields": {"action_time": "2024-03-04T06:31:01.851Z", "user": 1, "content_type": 10, "object_id": "1", "object_repr": "Burgers", "action_flag": 1, "change_message": "[{\"added\": {}}]"}}, {"model": "admin.logentry", "pk": 44, "fields": {"action_time": "2024-03-04T06:32:27.563Z", "user": 1, "content_type": 10, "object_id": "2", "object_repr": "Pizza", "action_flag": 1, "change_message": "[{\"added\": {}}]"}}, {"model": "admin.logentry", "pk": 45, "fields": {"action_time": "2024-03-04T06:32:51.038Z", "user": 1, "content_type": 10, "object_id": "3", "object_repr": "Sea food", "action_flag": 1, "change_message": "[{\"added\": {}}]"}}, {"model": "admin.logentry", "pk": 46, "fields": {"action_time": "2024-03-04T06:32:58.778Z", "user": 1, "content_type": 10, "object_id": "4", "object_repr": "Chicken", "action_flag": 1, "change_message": "[{\"added\": {}}]"}}, {"model": "admin.logentry", "pk": 47, "fields": {"action_time": "2024-03-04T06:35:31.564Z", "user": 1, "content_type": 9, "object_id": "1", "object_repr": "Burger One", "action_flag": 1, "change_message": "[{\"added\": {}}]"}}, {"model": "admin.logentry", "pk": 48, "fields": {"action_time": "2024-03-04T06:36:02.460Z", "user": 1, "content_type": 9, "object_id": "2", "object_repr": "Italian Piazza", "action_flag": 1, "change_message": "[{\"added\": {}}]"}}, {"model": "admin.logentry", "pk": 49, "fields": {"action_time": "2024-03-04T06:36:31.714Z", "user": 1, "content_type": 9, "object_id": "3", "object_repr": "Pizza One", "action_flag": 1, "change_message": "[{\"added\": {}}]"}}, {"model": "admin.logentry", "pk": 50, "fields": {"action_time": "2024-03-04T06:36:59.696Z", "user": 1, "content_type": 9, "object_id": "4", "object_repr": "Barbecue chicken", "action_flag": 1, "change_message": "[{\"added\": {}}]"}}, {"model": "admin.logentry", "pk": 51, "fields": {"action_time": "2024-03-04T07:40:40.732Z", "user": 1, "content_type": 6, "object_id": "26", "object_repr": "rishabhagrawal.0601@gmail.com", "action_flag": 3, "change_message": ""}}, {"model": "admin.logentry", "pk": 52, "fields": {"action_time": "2024-03-04T07:41:19.244Z", "user": 1, "content_type": 6, "object_id": "5", "object_repr": "agrawalrishabhmanoj@gmail.com", "action_flag": 3, "change_message": ""}}, {"model": "admin.logentry", "pk": 53, "fields": {"action_time": "2024-03-04T07:42:05.476Z", "user": 1, "content_type": 6, "object_id": "27", "object_repr": "rishabhagrawal.0601@gmail.com", "action_flag": 3, "change_message": ""}}, {"model": "admin.logentry", "pk": 54, "fields": {"action_time": "2024-03-04T07:44:32.261Z", "user": 1, "content_type": 6, "object_id": "28", "object_repr": "rishabhagrawal.0601@gmail.com", "action_flag": 2, "change_message": "[{\"changed\": {\"fields\": [\"Is active\"]}}]"}}, {"model": "admin.logentry", "pk": 55, "fields": {"action_time": "2024-03-04T07:44:41.384Z", "user": 1, "content_type": 8, "object_id": "10", "object_repr": "Second Res", "action_flag": 2, "change_message": "[{\"changed\": {\"fields\": [\"Is approved\"]}}]"}}, {"model": "admin.logentry", "pk": 56, "fields": {"action_time": "2024-03-05T23:37:24.391Z", "user": 1, "content_type": 8, "object_id": "4", "object_repr": "Test Vendor1111111", "action_flag": 2, "change_message": "[{\"changed\": {\"fields\": [\"Vendor slug\"]}}]"}}, {"model": "admin.logentry", "pk": 57, "fields": {"action_time": "2024-03-05T23:39:53.990Z", "user": 1, "content_type": 8, "object_id": "11", "object_repr": "thirres", "action_flag": 2, "change_message": "[{\"changed\": {\"fields\": [\"Is approved\"]}}]"}}, {"model": "admin.logentry", "pk": 58, "fields": {"action_time": "2024-03-05T23:40:17.430Z", "user": 1, "content_type": 6, "object_id": "29", "object_repr": "third@gmail.com", "action_flag": 2, "change_message": "[{\"changed\": {\"fields\": [\"Is active\"]}}]"}}, {"model": "admin.logentry", "pk": 59, "fields": {"action_time": "2024-03-06T23:52:27.818Z", "user": 1, "content_type": 7, "object_id": "17", "object_repr": "rishabh.agrawal@getathelas.com", "action_flag": 2, "change_message": "[{\"changed\": {\"fields\": [\"Location\"]}}]"}}, {"model": "admin.logentry", "pk": 60, "fields": {"action_time": "2024-03-06T23:54:44.612Z", "user": 1, "content_type": 7, "object_id": "27", "object_repr": "third@gmail.com", "action_flag": 2, "change_message": "[]"}}, {"model": "admin.logentry", "pk": 61, "fields": {"action_time": "2024-03-06T23:54:51.494Z", "user": 1, "content_type": 7, "object_id": "26", "object_repr": "rishabhagrawal.0601@gmail.com", "action_flag": 2, "change_message": "[]"}}, {"model": "admin.logentry", "pk": 62, "fields": {"action_time": "2024-03-06T23:54:55.727Z", "user": 1, "content_type": 7, "object_id": "20", "object_repr": "rma4242124@gmail.com", "action_flag": 2, "change_message": "[]"}}, {"model": "admin.logentry", "pk": 63, "fields": {"action_time": "2024-03-06T23:54:59.356Z", "user": 1, "content_type": 7, "object_id": "17", "object_repr": "rishabh.agrawal@getathelas.com", "action_flag": 2, "change_message": "[]"}}, {"model": "auth.permission", "pk": 1, "fields": {"name": "Can add log entry", "content_type": 1, "codename": "add_logentry"}}, {"model": "auth.permission", "pk": 2, "fields": {"name": "Can change log entry", "content_type": 1, "codename": "change_logentry"}}, {"model": "auth.permission", "pk": 3, "fields": {"name": "Can delete log entry", "content_type": 1, "codename": "delete_logentry"}}, {"model": "auth.permission", "pk": 4, "fields": {"name": "Can view log entry", "content_type": 1, "codename": "view_logentry"}}, {"model": "auth.permission", "pk": 5, "fields": {"name": "Can add permission", "content_type": 2, "codename": "add_permission"}}, {"model": "auth.permission", "pk": 6, "fields": {"name": "Can change permission", "content_type": 2, "codename": "change_permission"}}, {"model": "auth.permission", "pk": 7, "fields": {"name": "Can delete permission", "content_type": 2, "codename": "delete_permission"}}, {"model": "auth.permission", "pk": 8, "fields": {"name": "Can view permission", "content_type": 2, "codename": "view_permission"}}, {"model": "auth.permission", "pk": 9, "fields": {"name": "Can add group", "content_type": 3, "codename": "add_group"}}, {"model": "auth.permission", "pk": 10, "fields": {"name": "Can change group", "content_type": 3, "codename": "change_group"}}, {"model": "auth.permission", "pk": 11, "fields": {"name": "Can delete group", "content_type": 3, "codename": "delete_group"}}, {"model": "auth.permission", "pk": 12, "fields": {"name": "Can view group", "content_type": 3, "codename": "view_group"}}, {"model": "auth.permission", "pk": 13, "fields": {"name": "Can add content type", "content_type": 4, "codename": "add_contenttype"}}, {"model": "auth.permission", "pk": 14, "fields": {"name": "Can change content type", "content_type": 4, "codename": "change_contenttype"}}, {"model": "auth.permission", "pk": 15, "fields": {"name": "Can delete content type", "content_type": 4, "codename": "delete_contenttype"}}, {"model": "auth.permission", "pk": 16, "fields": {"name": "Can view content type", "content_type": 4, "codename": "view_contenttype"}}, {"model": "auth.permission", "pk": 17, "fields": {"name": "Can add session", "content_type": 5, "codename": "add_session"}}, {"model": "auth.permission", "pk": 18, "fields": {"name": "Can change session", "content_type": 5, "codename": "change_session"}}, {"model": "auth.permission", "pk": 19, "fields": {"name": "Can delete session", "content_type": 5, "codename": "delete_session"}}, {"model": "auth.permission", "pk": 20, "fields": {"name": "Can view session", "content_type": 5, "codename": "view_session"}}, {"model": "auth.permission", "pk": 21, "fields": {"name": "Can add user", "content_type": 6, "codename": "add_user"}}, {"model": "auth.permission", "pk": 22, "fields": {"name": "Can change user", "content_type": 6, "codename": "change_user"}}, {"model": "auth.permission", "pk": 23, "fields": {"name": "Can delete user", "content_type": 6, "codename": "delete_user"}}, {"model": "auth.permission", "pk": 24, "fields": {"name": "Can view user", "content_type": 6, "codename": "view_user"}}, {"model": "auth.permission", "pk": 25, "fields": {"name": "Can add user profile", "content_type": 7, "codename": "add_userprofile"}}, {"model": "auth.permission", "pk": 26, "fields": {"name": "Can change user profile", "content_type": 7, "codename": "change_userprofile"}}, {"model": "auth.permission", "pk": 27, "fields": {"name": "Can delete user profile", "content_type": 7, "codename": "delete_userprofile"}}, {"model": "auth.permission", "pk": 28, "fields": {"name": "Can view user profile", "content_type": 7, "codename": "view_userprofile"}}, {"model": "auth.permission", "pk": 29, "fields": {"name": "Can add vendor", "content_type": 8, "codename": "add_vendor"}}, {"model": "auth.permission", "pk": 30, "fields": {"name": "Can change vendor", "content_type": 8, "codename": "change_vendor"}}, {"model": "auth.permission", "pk": 31, "fields": {"name": "Can delete vendor", "content_type": 8, "codename": "delete_vendor"}}, {"model": "auth.permission", "pk": 32, "fields": {"name": "Can view vendor", "content_type": 8, "codename": "view_vendor"}}, {"model": "auth.permission", "pk": 33, "fields": {"name": "Can add food item", "content_type": 9, "codename": "add_fooditem"}}, {"model": "auth.permission", "pk": 34, "fields": {"name": "Can change food item", "content_type": 9, "codename": "change_fooditem"}}, {"model": "auth.permission", "pk": 35, "fields": {"name": "Can delete food item", "content_type": 9, "codename": "delete_fooditem"}}, {"model": "auth.permission", "pk": 36, "fields": {"name": "Can view food item", "content_type": 9, "codename": "view_fooditem"}}, {"model": "auth.permission", "pk": 37, "fields": {"name": "Can add category", "content_type": 10, "codename": "add_category"}}, {"model": "auth.permission", "pk": 38, "fields": {"name": "Can change category", "content_type": 10, "codename": "change_category"}}, {"model": "auth.permission", "pk": 39, "fields": {"name": "Can delete category", "content_type": 10, "codename": "delete_category"}}, {"model": "auth.permission", "pk": 40, "fields": {"name": "Can view category", "content_type": 10, "codename": "view_category"}}, {"model": "auth.permission", "pk": 41, "fields": {"name": "Can add tax", "content_type": 11, "codename": "add_tax"}}, {"model": "auth.permission", "pk": 42, "fields": {"name": "Can change tax", "content_type": 11, "codename": "change_tax"}}, {"model": "auth.permission", "pk": 43, "fields": {"name": "Can delete tax", "content_type": 11, "codename": "delete_tax"}}, {"model": "auth.permission", "pk": 44, "fields": {"name": "Can view tax", "content_type": 11, "codename": "view_tax"}}, {"model": "auth.permission", "pk": 45, "fields": {"name": "Can add cart", "content_type": 12, "codename": "add_cart"}}, {"model": "auth.permission", "pk": 46, "fields": {"name": "Can change cart", "content_type": 12, "codename": "change_cart"}}, {"model": "auth.permission", "pk": 47, "fields": {"name": "Can delete cart", "content_type": 12, "codename": "delete_cart"}}, {"model": "auth.permission", "pk": 48, "fields": {"name": "Can view cart", "content_type": 12, "codename": "view_cart"}}, {"model": "auth.permission", "pk": 49, "fields": {"name": "Can add opening hour", "content_type": 13, "codename": "add_openinghour"}}, {"model": "auth.permission", "pk": 50, "fields": {"name": "Can change opening hour", "content_type": 13, "codename": "change_openinghour"}}, {"model": "auth.permission", "pk": 51, "fields": {"name": "Can delete opening hour", "content_type": 13, "codename": "delete_openinghour"}}, {"model": "auth.permission", "pk": 52, "fields": {"name": "Can view opening hour", "content_type": 13, "codename": "view_openinghour"}}, {"model": "auth.permission", "pk": 53, "fields": {"name": "Can add ordered food", "content_type": 14, "codename": "add_orderedfood"}}, {"model": "auth.permission", "pk": 54, "fields": {"name": "Can change ordered food", "content_type": 14, "codename": "change_orderedfood"}}, {"model": "auth.permission", "pk": 55, "fields": {"name": "Can delete ordered food", "content_type": 14, "codename": "delete_orderedfood"}}, {"model": "auth.permission", "pk": 56, "fields": {"name": "Can view ordered food", "content_type": 14, "codename": "view_orderedfood"}}, {"model": "auth.permission", "pk": 57, "fields": {"name": "Can add order", "content_type": 15, "codename": "add_order"}}, {"model": "auth.permission", "pk": 58, "fields": {"name": "Can change order", "content_type": 15, "codename": "change_order"}}, {"model": "auth.permission", "pk": 59, "fields": {"name": "Can delete order", "content_type": 15, "codename": "delete_order"}}, {"model": "auth.permission", "pk": 60, "fields": {"name": "Can view order", "content_type": 15, "codename": "view_order"}}, {"model": "auth.permission", "pk": 61, "fields": {"name": "Can add payment", "content_type": 16, "codename": "add_payment"}}, {"model": "auth.permission", "pk": 62, "fields": {"name": "Can change payment", "content_type": 16, "codename": "change_payment"}}, {"model": "auth.permission", "pk": 63, "fields": {"name": "Can delete payment", "content_type": 16, "codename": "delete_payment"}}, {"model": "auth.permission", "pk": 64, "fields": {"name": "Can view payment", "content_type": 16, "codename": "view_payment"}}, {"model": "contenttypes.contenttype", "pk": 1, "fields": {"app_label": "admin", "model": "logentry"}}, {"model": "contenttypes.contenttype", "pk": 2, "fields": {"app_label": "auth", "model": "permission"}}, {"model": "contenttypes.contenttype", "pk": 3, "fields": {"app_label": "auth", "model": "group"}}, {"model": "contenttypes.contenttype", "pk": 4, "fields": {"app_label": "contenttypes", "model": "contenttype"}}, {"model": "contenttypes.contenttype", "pk": 5, "fields": {"app_label": "sessions", "model": "session"}}, {"model": "contenttypes.contenttype", "pk": 6, "fields": {"app_label": "accounts", "model": "user"}}, {"model": "contenttypes.contenttype", "pk": 7, "fields": {"app_label": "accounts", "model": "userprofile"}}, {"model": "contenttypes.contenttype", "pk": 8, "fields": {"app_label": "vendor", "model": "vendor"}}, {"model": "contenttypes.contenttype", "pk": 9, "fields": {"app_label": "menu", "model": "fooditem"}}, {"model": "contenttypes.contenttype", "pk": 10, "fields": {"app_label": "menu", "model": "category"}}, {"model": "contenttypes.contenttype", "pk": 11, "fields": {"app_label": "marketplace", "model": "tax"}}, {"model": "contenttypes.contenttype", "pk": 12, "fields": {"app_label": "marketplace", "model": "cart"}}, {"model": "contenttypes.contenttype", "pk": 13, "fields": {"app_label": "vendor", "model": "openinghour"}}, {"model": "contenttypes.contenttype", "pk": 14, "fields": {"app_label": "orders", "model": "orderedfood"}}, {"model": "contenttypes.contenttype", "pk": 15, "fields": {"app_label": "orders", "model": "order"}}, {"model": "contenttypes.contenttype", "pk": 16, "fields": {"app_label": "orders", "model": "payment"}}, {"model": "sessions.session", "pk": "a3645sl4mcvgiht3pj5cguz966amglye", "fields": {"session_data": ".eJxVjDsOwjAQBe_iGlmx418o6TmD5V3v4gCypTipEHeHSCmgfTPzXiKmbS1x67TEOYuzUOL0u0HCB9Ud5Huqtyax1XWZQe6KPGiX15bpeTncv4OSevnWaCzb4ImNZwLWCQn06EADT-zRYAbF4I0K4xhoyOiYJ-3BMQyelBXvDx1tOTM:1rgz9t:147stVV6n4TWCFX4yct6zbNmBVDF3sww1qP6zSj5qwg", "expire_date": "2024-03-18T03:38:33.825Z"}}, {"model": "accounts.user", "pk": 1, "fields": {"password": "pbkdf2_sha256$260000$9qhzzVbWWOjOIq5KAHGIXc$8AU4weaV0T6t/sW3CEsukrrzygH07FsREa4z39RNB24=", "first_name": "Rishabh", "last_name": "Agrawal", "username": "djangoadmin", "email": "rmagrawal@scu.edu", "phone_number": "", "role": null, "date_joined": "2024-03-03T06:53:56.791Z", "last_login": "2024-03-04T03:37:51.478Z", "created_date": "2024-03-03T06:53:56.791Z", "modified_date": "2024-03-03T06:53:56.796Z", "is_admin": true, "is_staff": true, "is_active": true, "is_superadmin": true}}, {"model": "accounts.user", "pk": 19, "fields": {"password": "pbkdf2_sha256$260000$zZYTq7bZ4U2KLF9PSNFgOE$krPy+iBEhb2Q5zddOkCcq94U14ufqxxXqrjMw2FZJb8=", "first_name": "Umang", "last_name": "Agrawal", "username": "rishabh.agrawal@getathelas.com", "email": "rishabh.agrawal@getathelas.com", "phone_number": "4086399247", "role": 2, "date_joined": "2024-03-04T02:26:02.681Z", "last_login": "2024-03-06T21:47:10.906Z", "created_date": "2024-03-04T02:26:02.681Z", "modified_date": "2024-03-06T06:50:46.172Z", "is_admin": false, "is_staff": false, "is_active": true, "is_superadmin": false}}, {"model": "accounts.user", "pk": 22, "fields": {"password": "pbkdf2_sha256$260000$BIeyedAYOEt2EkOq9n1BjK$nBOCSI1ugsMbvQmT908cqjI4Egvn6ffQc/NKXKlIJEE=", "first_name": "Rishabh11", "last_name": "Agrawal11", "username": "rma4242124@gmail.com", "email": "rma4242124@gmail.com", "phone_number": "", "role": 1, "date_joined": "2024-03-04T03:10:17.280Z", "last_login": "2024-03-07T00:13:13.176Z", "created_date": "2024-03-04T03:10:17.280Z", "modified_date": "2024-03-04T03:30:09.247Z", "is_admin": false, "is_staff": false, "is_active": true, "is_superadmin": false}}, {"model": "accounts.user", "pk": 28, "fields": {"password": "pbkdf2_sha256$260000$fTDIywSKn0xfI0pTNCnXhO$uz41G1n3IrWAEG9JuYzMGDHTj1BLmi7QzX4wmGK7vj0=", "first_name": "Second", "last_name": "Res", "username": "rishabhagrawal.0601@gmail.com", "email": "rishabhagrawal.0601@gmail.com", "phone_number": "", "role": 1, "date_joined": "2024-03-04T07:43:58.353Z", "last_login": "2024-03-06T23:57:13.546Z", "created_date": "2024-03-04T07:43:58.353Z", "modified_date": "2024-03-04T07:44:32.255Z", "is_admin": false, "is_staff": false, "is_active": true, "is_superadmin": false}}, {"model": "accounts.user", "pk": 29, "fields": {"password": "pbkdf2_sha256$260000$GgMGuy7SXUwTJgLgcbyXIz$JXdSILXE4wrgDxIHwxPIDWM2KdiPKiuUPPeidw7VzdQ=", "first_name": "third", "last_name": "res", "username": "thridres", "email": "third@gmail.com", "phone_number": "", "role": 1, "date_joined": "2024-03-05T23:39:38.430Z", "last_login": "2024-03-06T23:56:06.242Z", "created_date": "2024-03-05T23:39:38.430Z", "modified_date": "2024-03-05T23:40:17.421Z", "is_admin": false, "is_staff": false, "is_active": true, "is_superadmin": false}}, {"model": "accounts.user", "pk": 30, "fields": {"password": "pbkdf2_sha256$260000$xGdYuRSwqz1Qi20c3BvnFd$5pcbO1bDuEQCqTp140VoBL3qURBdytrXEsflJKUhPs4=", "first_name": "Rishabh", "last_name": "Agrawal", "username": "agrawalrishabhmanoj@gmail.com", "email": "agrawalrishabhmanoj@gmail.com", "phone_number": "", "role": 2, "date_joined": "2024-03-06T22:11:11.454Z", "last_login": "2024-03-07T00:31:09.421Z", "created_date": "2024-03-06T22:11:11.455Z", "modified_date": "2024-03-06T22:14:58.403Z", "is_admin": false, "is_staff": false, "is_active": true, "is_superadmin": false}}, {"model": "accounts.userprofile", "pk": 1, "fields": {"user": 1, "profile_picture": "users/profile_pictures/Screenshot_2024-02-27_at_13.16.02.png", "cover_photo": "users/cover_photos/Screenshot_2024-02-27_at_00.59.12.png", "address": "test", "country": "test", "state": null, "city": null, "pin_code": null, "latitude": null, "longitude": null, "location": null, "created_at": "2024-03-03T07:11:10.932Z", "modified_at": "2024-03-04T03:37:51.482Z"}}, {"model": "accounts.userprofile", "pk": 17, "fields": {"user": 19, "profile_picture": "users/profile_pictures/profile-picture-5.PNG", "cover_photo": "users/cover_photos/cover-photo-5.PNG", "address": "1050 Benton Street, Santa Clara, CA, USA", "country": "United States", "state": "California", "city": "Santa Clara", "pin_code": "95050", "latitude": "37.3496835", "longitude": "-121.9451335", "location": "SRID=4326;POINT (-121.9451335 37.3496835)", "created_at": "2024-03-04T02:26:02.684Z", "modified_at": "2024-03-06T23:54:59.353Z"}}, {"model": "accounts.userprofile", "pk": 20, "fields": {"user": 22, "profile_picture": "users/profile_pictures/profile-picture-2_nHGZOvd.PNG", "cover_photo": "users/cover_photos/cover-photo-2_R3PxEUk.PNG", "address": "San Ramon, CA, USA", "country": "United States", "state": "California", "city": "San Ramon", "pin_code": null, "latitude": "37.7643595", "longitude": "-121.9539616", "location": "SRID=4326;POINT (-121.9539616 37.7643595)", "created_at": "2024-03-04T03:10:17.282Z", "modified_at": "2024-03-07T00:13:13.195Z"}}, {"model": "accounts.userprofile", "pk": 26, "fields": {"user": 28, "profile_picture": "users/profile_pictures/profile-picture-4.PNG", "cover_photo": "users/cover_photos/cover-photo-4.PNG", "address": "Mountain View, CA, USA", "country": "United States", "state": "California", "city": "Mountain View", "pin_code": null, "latitude": "37.3860517", "longitude": "-122.0838511", "location": "SRID=4326;POINT (-122.0838511 37.3860517)", "created_at": "2024-03-04T07:43:58.356Z", "modified_at": "2024-03-06T23:57:36.669Z"}}, {"model": "accounts.userprofile", "pk": 27, "fields": {"user": 29, "profile_picture": "users/profile_pictures/profile-picture-3.PNG", "cover_photo": "users/cover_photos/cover-photo-3.PNG", "address": "1050 Benton Street, Santa Clara, CA, USA", "country": "United States", "state": "California", "city": "Santa Clara", "pin_code": null, "latitude": "37.3496835", "longitude": "-121.9451335", "location": "SRID=4326;POINT (-121.9451335 37.3496835)", "created_at": "2024-03-05T23:39:38.434Z", "modified_at": "2024-03-06T23:56:06.259Z"}}, {"model": "accounts.userprofile", "pk": 28, "fields": {"user": 30, "profile_picture": "", "cover_photo": "", "address": null, "country": null, "state": null, "city": null, "pin_code": null, "latitude": null, "longitude": null, "location": null, "created_at": "2024-03-06T22:11:11.460Z", "modified_at": "2024-03-07T00:31:09.440Z"}}, {"model": "vendor.vendor", "pk": 4, "fields": {"user": 22, "user_profile": 20, "vendor_name": "Test Vendor1111111", "vendor_slug": "Test-Vendor", "vendor_license": "vendor/license/Screenshot_2024-02-27_at_00.31.14.png", "is_approved": true, "created_at": "2024-03-04T03:10:17.288Z", "modified_at": "2024-03-06T23:58:15.114Z"}}, {"model": "vendor.vendor", "pk": 10, "fields": {"user": 28, "user_profile": 26, "vendor_name": "Second Restaurant", "vendor_slug": "second-res-28", "vendor_license": "vendor/license/Screenshot_2024-02-27_at_13.41.26_EjNyKzF.png", "is_approved": true, "created_at": "2024-03-04T07:43:58.371Z", "modified_at": "2024-03-06T23:57:36.673Z"}}, {"model": "vendor.vendor", "pk": 11, "fields": {"user": 29, "user_profile": 27, "vendor_name": "Third Restaurant", "vendor_slug": "thirres-29", "vendor_license": "vendor/license/Screenshot_2024-02-27_at_00.59.20_nbf8jtt.png", "is_approved": true, "created_at": "2024-03-05T23:39:38.451Z", "modified_at": "2024-03-06T02:50:45.437Z"}}, {"model": "vendor.openinghour", "pk": 6, "fields": {"vendor": 11, "day": 3, "from_hour": "12:00 AM", "to_hour": "11:30 PM", "is_closed": false}}, {"model": "vendor.openinghour", "pk": 7, "fields": {"vendor": 11, "day": 5, "from_hour": "12:00 AM", "to_hour": "11:30 PM", "is_closed": true}}, {"model": "vendor.openinghour", "pk": 8, "fields": {"vendor": 11, "day": 6, "from_hour": "", "to_hour": "", "is_closed": true}}, {"model": "vendor.openinghour", "pk": 9, "fields": {"vendor": 11, "day": 2, "from_hour": "12:00 AM", "to_hour": "11:30 PM", "is_closed": false}}, {"model": "vendor.openinghour", "pk": 10, "fields": {"vendor": 10, "day": 2, "from_hour": "06:30 PM", "to_hour": "11:30 PM", "is_closed": false}}, {"model": "menu.category", "pk": 1, "fields": {"vendor": 4, "category_name": "Burgers", "slug": "burgers", "description": "Test category", "created_at": "2024-03-04T06:31:01.848Z", "updated_at": "2024-03-04T06:31:01.848Z"}}, {"model": "menu.category", "pk": 2, "fields": {"vendor": 4, "category_name": "Pizza", "slug": "pizza", "description": "", "created_at": "2024-03-04T06:32:27.562Z", "updated_at": "2024-03-04T06:32:27.562Z"}}, {"model": "menu.category", "pk": 3, "fields": {"vendor": 4, "category_name": "Sea food", "slug": "sea-food", "description": "", "created_at": "2024-03-04T06:32:51.037Z", "updated_at": "2024-03-04T06:32:51.037Z"}}, {"model": "menu.category", "pk": 4, "fields": {"vendor": 4, "category_name": "Chicken", "slug": "chicken", "description": "", "created_at": "2024-03-04T06:32:58.778Z", "updated_at": "2024-03-04T06:32:58.778Z"}}, {"model": "menu.category", "pk": 5, "fields": {"vendor": 4, "category_name": "Something", "slug": "something-5", "description": "test catt", "created_at": "2024-03-04T07:05:32.241Z", "updated_at": "2024-03-04T07:05:32.248Z"}}, {"model": "menu.category", "pk": 9, "fields": {"vendor": 10, "category_name": "Pizza", "slug": "pizza-9", "description": "", "created_at": "2024-03-06T02:29:08.367Z", "updated_at": "2024-03-06T02:29:08.382Z"}}, {"model": "menu.category", "pk": 10, "fields": {"vendor": 11, "category_name": "Pizza", "slug": "pizza-10", "description": "", "created_at": "2024-03-06T02:52:06.973Z", "updated_at": "2024-03-06T02:52:06.979Z"}}, {"model": "menu.category", "pk": 11, "fields": {"vendor": 11, "category_name": "Chicken", "slug": "chicken-11", "description": "", "created_at": "2024-03-06T02:52:56.024Z", "updated_at": "2024-03-06T02:52:56.027Z"}}, {"model": "menu.fooditem", "pk": 1, "fields": {"vendor": 4, "category": 1, "food_title": "Burger One", "slug": "burger-one", "description": "", "price": "19.98", "image": "foodimages/burger-600x600.jpg", "is_available": true, "created_at": "2024-03-04T06:35:31.558Z", "updated_at": "2024-03-06T00:02:38.064Z"}}, {"model": "menu.fooditem", "pk": 4, "fields": {"vendor": 4, "category": 4, "food_title": "Barbecue chicken", "slug": "barbecue-chicken", "description": "", "price": "25.00", "image": "foodimages/chicken-barbeque.jpg", "is_available": true, "created_at": "2024-03-04T06:36:59.694Z", "updated_at": "2024-03-06T00:03:21.610Z"}}, {"model": "menu.fooditem", "pk": 7, "fields": {"vendor": 4, "category": 4, "food_title": "veg chciken", "slug": "veg-chciken", "description": "", "price": "20.00", "image": "foodimages/chicken-600x600.jpg", "is_available": true, "created_at": "2024-03-06T00:03:13.409Z", "updated_at": "2024-03-06T00:03:13.409Z"}}, {"model": "menu.fooditem", "pk": 8, "fields": {"vendor": 4, "category": 3, "food_title": "test sea food", "slug": "test-sea-food", "description": "", "price": "15.00", "image": "foodimages/seafood-600x600.jpg", "is_available": true, "created_at": "2024-03-06T00:03:45.674Z", "updated_at": "2024-03-06T00:03:45.674Z"}}, {"model": "menu.fooditem", "pk": 10, "fields": {"vendor": 4, "category": 2, "food_title": "Veg Pizza11", "slug": "veg-pizza11", "description": "", "price": "20.00", "image": "foodimages/veg-pizza-600x600_0Nl1Yyo.jpg", "is_available": true, "created_at": "2024-03-06T00:05:03.987Z", "updated_at": "2024-03-06T00:08:58.928Z"}}, {"model": "menu.fooditem", "pk": 11, "fields": {"vendor": 11, "category": 10, "food_title": "Veg Pizza", "slug": "veg-pizza", "description": "", "price": "10.00", "image": "foodimages/veg-pizza-600x600_HA0Rb3V.jpg", "is_available": true, "created_at": "2024-03-06T02:52:31.571Z", "updated_at": "2024-03-06T02:52:31.571Z"}}, {"model": "menu.fooditem", "pk": 12, "fields": {"vendor": 11, "category": 11, "food_title": "chicken tikka", "slug": "chicken-tikka", "description": "", "price": "10.00", "image": "foodimages/chicken-600x600_XRPhjWs.jpg", "is_available": true, "created_at": "2024-03-06T02:53:24.117Z", "updated_at": "2024-03-06T02:53:24.117Z"}}, {"model": "marketplace.cart", "pk": 11, "fields": {"user": 22, "fooditem": 1, "quantity": 3, "created_at": "2024-03-06T01:46:27.861Z", "updated_at": "2024-03-06T01:48:21.586Z"}}, {"model": "marketplace.cart", "pk": 13, "fields": {"user": 22, "fooditem": 10, "quantity": 3, "created_at": "2024-03-06T01:50:10.043Z", "updated_at": "2024-03-06T01:53:57.228Z"}}, {"model": "marketplace.cart", "pk": 14, "fields": {"user": 22, "fooditem": 4, "quantity": 1, "created_at": "2024-03-06T01:50:11.420Z", "updated_at": "2024-03-06T01:50:11.420Z"}}, {"model": "marketplace.cart", "pk": 15, "fields": {"user": 22, "fooditem": 7, "quantity": 1, "created_at": "2024-03-06T01:50:12.315Z", "updated_at": "2024-03-06T01:50:12.315Z"}}, {"model": "marketplace.cart", "pk": 16, "fields": {"user": 22, "fooditem": 8, "quantity": 1, "created_at": "2024-03-06T01:50:13.165Z", "updated_at": "2024-03-06T01:50:13.165Z"}}, {"model": "orders.payment", "pk": 1, "fields": {"user": 19, "transaction_id": "15D05796BD0881115", "payment_method": "PayPal", "amount": "20.0", "status": "COMPLETED", "created_at": "2024-03-06T07:53:28.469Z"}}, {"model": "orders.payment", "pk": 2, "fields": {"user": 19, "transaction_id": "6MB68811CM8811121", "payment_method": "PayPal", "amount": "30.0", "status": "COMPLETED", "created_at": "2024-03-06T07:59:06.594Z"}}, {"model": "orders.payment", "pk": 3, "fields": {"user": 19, "transaction_id": "35K28678TN780962R", "payment_method": "PayPal", "amount": "30.0", "status": "COMPLETED", "created_at": "2024-03-06T08:11:57.357Z"}}, {"model": "orders.payment", "pk": 4, "fields": {"user": 19, "transaction_id": "6M922162VK173512S", "payment_method": "PayPal", "amount": "30.0", "status": "COMPLETED", "created_at": "2024-03-06T08:13:51.574Z"}}, {"model": "orders.payment", "pk": 5, "fields": {"user": 19, "transaction_id": "76B00223V5346791T", "payment_method": "PayPal", "amount": "30.0", "status": "COMPLETED", "created_at": "2024-03-06T08:15:22.432Z"}}, {"model": "orders.payment", "pk": 6, "fields": {"user": 19, "transaction_id": "8LG98706CT775701T", "payment_method": "PayPal", "amount": "30.0", "status": "COMPLETED", "created_at": "2024-03-06T08:27:41.181Z"}}, {"model": "orders.payment", "pk": 7, "fields": {"user": 19, "transaction_id": "95S314673U130231A", "payment_method": "PayPal", "amount": "39.96", "status": "COMPLETED", "created_at": "2024-03-06T08:32:37.661Z"}}, {"model": "orders.payment", "pk": 8, "fields": {"user": 19, "transaction_id": "7TR12527KW581000R", "payment_method": "PayPal", "amount": "39.96", "status": "COMPLETED", "created_at": "2024-03-06T08:37:27.785Z"}}, {"model": "orders.payment", "pk": 9, "fields": {"user": 19, "transaction_id": "536927144C049745J", "payment_method": "PayPal", "amount": "39.96", "status": "COMPLETED", "created_at": "2024-03-06T08:38:10.129Z"}}, {"model": "orders.payment", "pk": 10, "fields": {"user": 19, "transaction_id": "5K460138UC9398137", "payment_method": "PayPal", "amount": "59.96", "status": "COMPLETED", "created_at": "2024-03-06T08:39:14.944Z"}}, {"model": "orders.payment", "pk": 11, "fields": {"user": 19, "transaction_id": "4214275286650535D", "payment_method": "PayPal", "amount": "40.0", "status": "COMPLETED", "created_at": "2024-03-06T08:41:28.670Z"}}, {"model": "orders.payment", "pk": 12, "fields": {"user": 19, "transaction_id": "1RV734291V6023051", "payment_method": "PayPal", "amount": "45.0", "status": "COMPLETED", "created_at": "2024-03-06T09:19:56.706Z"}}, {"model": "orders.payment", "pk": 13, "fields": {"user": 19, "transaction_id": "51Y702538K2366139", "payment_method": "PayPal", "amount": "315.0", "status": "COMPLETED", "created_at": "2024-03-06T21:48:39.949Z"}}, {"model": "orders.payment", "pk": 14, "fields": {"user": 30, "transaction_id": "5P0196304V093970S", "payment_method": "PayPal", "amount": "59.98", "status": "COMPLETED", "created_at": "2024-03-06T22:18:17.939Z"}}, {"model": "orders.payment", "pk": 15, "fields": {"user": 30, "transaction_id": "2WV153334G758132U", "payment_method": "PayPal", "amount": "10.0", "status": "COMPLETED", "created_at": "2024-03-06T22:21:53.113Z"}}, {"model": "orders.payment", "pk": 16, "fields": {"user": 30, "transaction_id": "6L626382KC466034K", "payment_method": "PayPal", "amount": "10.0", "status": "COMPLETED", "created_at": "2024-03-06T22:22:36.604Z"}}, {"model": "orders.payment", "pk": 17, "fields": {"user": 30, "transaction_id": "0MD27586L5584634M", "payment_method": "PayPal", "amount": "10.0", "status": "COMPLETED", "created_at": "2024-03-06T22:24:50.859Z"}}, {"model": "orders.payment", "pk": 18, "fields": {"user": 30, "transaction_id": "7KJ321122A916222H", "payment_method": "PayPal", "amount": "10.0", "status": "COMPLETED", "created_at": "2024-03-06T22:26:47.104Z"}}, {"model": "orders.payment", "pk": 19, "fields": {"user": 30, "transaction_id": "8L509394GX632002F", "payment_method": "PayPal", "amount": "10.0", "status": "COMPLETED", "created_at": "2024-03-06T22:29:29.088Z"}}, {"model": "orders.payment", "pk": 20, "fields": {"user": 30, "transaction_id": "3GK14556JY753912N", "payment_method": "PayPal", "amount": "110.0", "status": "COMPLETED", "created_at": "2024-03-06T22:39:05.855Z"}}, {"model": "orders.payment", "pk": 21, "fields": {"user": 30, "transaction_id": "8PG55758GM227835X", "payment_method": "PayPal", "amount": "20.0", "status": "COMPLETED", "created_at": "2024-03-07T00:14:49.705Z"}}, {"model": "orders.payment", "pk": 22, "fields": {"user": 30, "transaction_id": "3KX663608H566950R", "payment_method": "PayPal", "amount": "20.0", "status": "COMPLETED", "created_at": "2024-03-07T00:21:32.786Z"}}, {"model": "orders.payment", "pk": 23, "fields": {"user": 30, "transaction_id": "8H2896247M951880G", "payment_method": "PayPal", "amount": "45.0", "status": "COMPLETED", "created_at": "2024-03-07T00:25:44.180Z"}}, {"model": "orders.order", "pk": 1, "fields": {"user": 19, "payment": null, "order_number": "12345", "first_name": "Umang", "last_name": "Agrawal", "phone": "4086399247", "email": "rishabh.agrawal@getathelas.com", "address": "1050 Benton Street, Santa Clara, CA, USA", "country": "United States", "state": "California", "city": "Santa Clara", "pin_code": "95050", "total": 20.0, "tax_data": {}, "total_data": null, "total_tax": 0.0, "payment_method": "PayPal", "status": "New", "is_ordered": false, "created_at": "2024-03-06T07:10:41.342Z", "updated_at": "2024-03-06T07:10:41.357Z", "vendors": [11]}}, {"model": "orders.order", "pk": 2, "fields": {"user": 19, "payment": null, "order_number": "12345", "first_name": "Umang", "last_name": "Agrawal", "phone": "4086399247", "email": "rishabh.agrawal@getathelas.com", "address": "1050 Benton Street, Santa Clara, CA, USA", "country": "United States", "state": "California", "city": "Santa Clara", "pin_code": "95050", "total": 20.0, "tax_data": {}, "total_data": null, "total_tax": 0.0, "payment_method": "PayPal", "status": "New", "is_ordered": false, "created_at": "2024-03-06T07:11:13.870Z", "updated_at": "2024-03-06T07:11:13.873Z", "vendors": [11]}}, {"model": "orders.order", "pk": 3, "fields": {"user": 19, "payment": null, "order_number": "12345", "first_name": "Umang", "last_name": "Agrawal", "phone": "4086399247", "email": "rishabh.agrawal@getathelas.com", "address": "1050 Benton Street, Santa Clara, CA, USA", "country": "United States", "state": "California", "city": "Santa Clara", "pin_code": "95050", "total": 20.0, "tax_data": {}, "total_data": null, "total_tax": 0.0, "payment_method": "PayPal", "status": "New", "is_ordered": false, "created_at": "2024-03-06T07:12:39.851Z", "updated_at": "2024-03-06T07:12:39.858Z", "vendors": [11]}}, {"model": "orders.order", "pk": 4, "fields": {"user": 19, "payment": null, "order_number": "12345", "first_name": "Umang", "last_name": "Agrawal", "phone": "4086399247", "email": "rishabh.agrawal@getathelas.com", "address": "1050 Benton Street, Santa Clara, CA, USA", "country": "United States", "state": "California", "city": "Santa Clara", "pin_code": "95050", "total": 20.0, "tax_data": {}, "total_data": null, "total_tax": 0.0, "payment_method": "PayPal", "status": "New", "is_ordered": false, "created_at": "2024-03-06T07:13:30.674Z", "updated_at": "2024-03-06T07:13:30.679Z", "vendors": [11]}}, {"model": "orders.order", "pk": 5, "fields": {"user": 19, "payment": null, "order_number": "202403060716075", "first_name": "Umang", "last_name": "Agrawal", "phone": "4086399247", "email": "rishabh.agrawal@getathelas.com", "address": "1050 Benton Street, Santa Clara, CA, USA", "country": "United States", "state": "California", "city": "Santa Clara", "pin_code": "95050", "total": 20.0, "tax_data": "{}", "total_data": "{\"11\": {\"20.00\": \"{}\"}}", "total_tax": 0.0, "payment_method": "PayPal", "status": "New", "is_ordered": false, "created_at": "2024-03-06T07:16:07.280Z", "updated_at": "2024-03-06T07:16:07.289Z", "vendors": [11]}}, {"model": "orders.order", "pk": 6, "fields": {"user": 19, "payment": null, "order_number": "202403060748076", "first_name": "Umang", "last_name": "Agrawal", "phone": "4086399247", "email": "rishabh.agrawal@getathelas.com", "address": "1050 Benton Street, Santa Clara, CA, USA", "country": "United States", "state": "California", "city": "Santa Clara", "pin_code": "95050", "total": 20.0, "tax_data": "{}", "total_data": "{\"11\": {\"20.00\": \"{}\"}}", "total_tax": 0.0, "payment_method": "PayPal", "status": "New", "is_ordered": false, "created_at": "2024-03-06T07:48:07.773Z", "updated_at": "2024-03-06T07:48:07.786Z", "vendors": [11]}}, {"model": "orders.order", "pk": 7, "fields": {"user": 19, "payment": null, "order_number": "202403060748387", "first_name": "Umang", "last_name": "Agrawal", "phone": "4086399247", "email": "rishabh.agrawal@getathelas.com", "address": "1050 Benton Street, Santa Clara, CA, USA", "country": "United States", "state": "California", "city": "Santa Clara", "pin_code": "95050", "total": 20.0, "tax_data": "{}", "total_data": "{\"11\": {\"20.00\": \"{}\"}}", "total_tax": 0.0, "payment_method": "PayPal", "status": "New", "is_ordered": false, "created_at": "2024-03-06T07:48:38.764Z", "updated_at": "2024-03-06T07:48:38.769Z", "vendors": [11]}}, {"model": "orders.order", "pk": 8, "fields": {"user": 19, "payment": 1, "order_number": "202403060750438", "first_name": "Umang", "last_name": "Agrawal", "phone": "4086399247", "email": "rishabh.agrawal@getathelas.com", "address": "1050 Benton Street, Santa Clara, CA, USA", "country": "United States", "state": "California", "city": "Santa Clara", "pin_code": "95050", "total": 20.0, "tax_data": "{}", "total_data": "{\"11\": {\"20.00\": \"{}\"}}", "total_tax": 0.0, "payment_method": "PayPal", "status": "New", "is_ordered": true, "created_at": "2024-03-06T07:50:43.244Z", "updated_at": "2024-03-06T07:53:28.475Z", "vendors": [11]}}, {"model": "orders.order", "pk": 9, "fields": {"user": 19, "payment": 2, "order_number": "202403060755249", "first_name": "Umang", "last_name": "Agrawal", "phone": "4086399247", "email": "rishabh.agrawal@getathelas.com", "address": "1050 Benton Street, Santa Clara, CA, USA", "country": "United States", "state": "California", "city": "Santa Clara", "pin_code": "95050", "total": 30.0, "tax_data": "{}", "total_data": "{\"11\": {\"30.00\": \"{}\"}}", "total_tax": 0.0, "payment_method": "PayPal", "status": "New", "is_ordered": true, "created_at": "2024-03-06T07:55:24.662Z", "updated_at": "2024-03-06T07:59:06.598Z", "vendors": [11]}}, {"model": "orders.order", "pk": 10, "fields": {"user": 19, "payment": null, "order_number": "2024030608033410", "first_name": "Umang", "last_name": "Agrawal", "phone": "4086399247", "email": "rishabh.agrawal@getathelas.com", "address": "1050 Benton Street, Santa Clara, CA, USA", "country": "United States", "state": "California", "city": "Santa Clara", "pin_code": "95050", "total": 30.0, "tax_data": "{}", "total_data": "{\"11\": {\"30.00\": \"{}\"}}", "total_tax": 0.0, "payment_method": "PayPal", "status": "New", "is_ordered": false, "created_at": "2024-03-06T08:03:34.428Z", "updated_at": "2024-03-06T08:03:34.439Z", "vendors": [11]}}, {"model": "orders.order", "pk": 11, "fields": {"user": 19, "payment": null, "order_number": "2024030608083611", "first_name": "Umang", "last_name": "Agrawal", "phone": "4086399247", "email": "rishabh.agrawal@getathelas.com", "address": "1050 Benton Street, Santa Clara, CA, USA", "country": "United States", "state": "California", "city": "Santa Clara", "pin_code": "95050", "total": 30.0, "tax_data": "{}", "total_data": "{\"11\": {\"30.00\": \"{}\"}}", "total_tax": 0.0, "payment_method": "PayPal", "status": "New", "is_ordered": false, "created_at": "2024-03-06T08:08:36.923Z", "updated_at": "2024-03-06T08:08:36.933Z", "vendors": [11]}}, {"model": "orders.order", "pk": 12, "fields": {"user": 19, "payment": 3, "order_number": "2024030608090712", "first_name": "Umang", "last_name": "Agrawal", "phone": "4086399247", "email": "rishabh.agrawal@getathelas.com", "address": "1050 Benton Street, Santa Clara, CA, USA", "country": "United States", "state": "California", "city": "Santa Clara", "pin_code": "95050", "total": 30.0, "tax_data": "{}", "total_data": "{\"11\": {\"30.00\": \"{}\"}}", "total_tax": 0.0, "payment_method": "PayPal", "status": "New", "is_ordered": true, "created_at": "2024-03-06T08:09:07.759Z", "updated_at": "2024-03-06T08:11:57.363Z", "vendors": [11]}}, {"model": "orders.order", "pk": 13, "fields": {"user": 19, "payment": 4, "order_number": "2024030608134113", "first_name": "Umang", "last_name": "Agrawal", "phone": "4086399247", "email": "rishabh.agrawal@getathelas.com", "address": "1050 Benton Street, Santa Clara, CA, USA", "country": "United States", "state": "California", "city": "Santa Clara", "pin_code": "95050", "total": 30.0, "tax_data": "{}", "total_data": "{\"11\": {\"30.00\": \"{}\"}}", "total_tax": 0.0, "payment_method": "PayPal", "status": "New", "is_ordered": true, "created_at": "2024-03-06T08:13:41.148Z", "updated_at": "2024-03-06T08:13:51.576Z", "vendors": [11]}}, {"model": "orders.order", "pk": 14, "fields": {"user": 19, "payment": 5, "order_number": "2024030608150514", "first_name": "Umang", "last_name": "Agrawal", "phone": "4086399247", "email": "rishabh.agrawal@getathelas.com", "address": "1050 Benton Street, Santa Clara, CA, USA", "country": "United States", "state": "California", "city": "Santa Clara", "pin_code": "95050", "total": 30.0, "tax_data": "{}", "total_data": "{\"11\": {\"30.00\": \"{}\"}}", "total_tax": 0.0, "payment_method": "PayPal", "status": "New", "is_ordered": true, "created_at": "2024-03-06T08:15:05.772Z", "updated_at": "2024-03-06T08:15:22.435Z", "vendors": [11]}}, {"model": "orders.order", "pk": 15, "fields": {"user": 19, "payment": 6, "order_number": "2024030608273015", "first_name": "Umang", "last_name": "Agrawal", "phone": "4086399247", "email": "rishabh.agrawal@getathelas.com", "address": "1050 Benton Street, Santa Clara, CA, USA", "country": "United States", "state": "California", "city": "Santa Clara", "pin_code": "95050", "total": 30.0, "tax_data": "{}", "total_data": "{\"11\": {\"30.00\": \"{}\"}}", "total_tax": 0.0, "payment_method": "PayPal", "status": "New", "is_ordered": true, "created_at": "2024-03-06T08:27:30.837Z", "updated_at": "2024-03-06T08:27:41.183Z", "vendors": [11]}}, {"model": "orders.order", "pk": 16, "fields": {"user": 19, "payment": 9, "order_number": "2024030608322516", "first_name": "Umang", "last_name": "Agrawal", "phone": "4086399247", "email": "rishabh.agrawal@getathelas.com", "address": "1050 Benton Street, Santa Clara, CA, USA", "country": "United States", "state": "California", "city": "Santa Clara", "pin_code": "95050", "total": 39.96, "tax_data": "{}", "total_data": "{\"4\": {\"39.96\": \"{}\"}}", "total_tax": 0.0, "payment_method": "PayPal", "status": "New", "is_ordered": true, "created_at": "2024-03-06T08:32:25.568Z", "updated_at": "2024-03-06T08:38:10.132Z", "vendors": [4]}}, {"model": "orders.order", "pk": 17, "fields": {"user": 19, "payment": 10, "order_number": "2024030608390617", "first_name": "Umang", "last_name": "Agrawal", "phone": "4086399247", "email": "rishabh.agrawal@getathelas.com", "address": "1050 Benton Street, Santa Clara, CA, USA", "country": "United States", "state": "California", "city": "Santa Clara", "pin_code": "95050", "total": 59.96, "tax_data": "{}", "total_data": "{\"4\": {\"59.96\": \"{}\"}}", "total_tax": 0.0, "payment_method": "PayPal", "status": "New", "is_ordered": true, "created_at": "2024-03-06T08:39:06.133Z", "updated_at": "2024-03-06T08:39:14.945Z", "vendors": [4]}}, {"model": "orders.order", "pk": 18, "fields": {"user": 19, "payment": 11, "order_number": "2024030608412018", "first_name": "Umang", "last_name": "Agrawal", "phone": "4086399247", "email": "rishabh.agrawal@getathelas.com", "address": "1050 Benton Street, Santa Clara, CA, USA", "country": "United States", "state": "California", "city": "Santa Clara", "pin_code": "95050", "total": 40.0, "tax_data": "{}", "total_data": "{\"4\": {\"40.00\": \"{}\"}}", "total_tax": 0.0, "payment_method": "PayPal", "status": "New", "is_ordered": true, "created_at": "2024-03-06T08:41:20.137Z", "updated_at": "2024-03-06T08:41:28.685Z", "vendors": [4]}}, {"model": "orders.order", "pk": 19, "fields": {"user": 19, "payment": 12, "order_number": "2024030609194119", "first_name": "Umang", "last_name": "Agrawal", "phone": "4086399247", "email": "rishabh.agrawal@getathelas.com", "address": "1050 Benton Street, Santa Clara, CA, USA", "country": "United States", "state": "California", "city": "Santa Clara", "pin_code": "95050", "total": 45.0, "tax_data": "{}", "total_data": "{\"4\": {\"35.00\": \"{}\"}, \"11\": {\"10.00\": \"{}\"}}", "total_tax": 0.0, "payment_method": "PayPal", "status": "New", "is_ordered": true, "created_at": "2024-03-06T09:19:41.242Z", "updated_at": "2024-03-06T09:19:56.710Z", "vendors": [11, 4]}}, {"model": "orders.order", "pk": 20, "fields": {"user": 19, "payment": 13, "order_number": "2024030621475920", "first_name": "Umang", "last_name": "Agrawal", "phone": "4086399247", "email": "rishabh.agrawal@getathelas.com", "address": "1050 Benton Street, Santa Clara, CA, USA", "country": "United States", "state": "California", "city": "Santa Clara", "pin_code": "95050", "total": 315.0, "tax_data": "{}", "total_data": "{\"11\": {\"100.00\": \"{}\"}, \"4\": {\"215.00\": \"{}\"}}", "total_tax": 0.0, "payment_method": "PayPal", "status": "New", "is_ordered": true, "created_at": "2024-03-06T21:47:59.919Z", "updated_at": "2024-03-06T21:48:39.953Z", "vendors": [11, 4]}}, {"model": "orders.order", "pk": 21, "fields": {"user": 30, "payment": 14, "order_number": "2024030622175921", "first_name": "Rishabh", "last_name": "Agrawal", "phone": "4086399247", "email": "agrawalrishabhmanoj@gmail.com", "address": "1050 Benton Street, Apt 2318", "country": "United States", "state": "CA", "city": "Santa Clara", "pin_code": "95050", "total": 59.98, "tax_data": "{}", "total_data": "{\"11\": {\"40.00\": \"{}\"}, \"4\": {\"19.98\": \"{}\"}}", "total_tax": 0.0, "payment_method": "PayPal", "status": "New", "is_ordered": true, "created_at": "2024-03-06T22:17:59.622Z", "updated_at": "2024-03-06T22:18:17.942Z", "vendors": [11, 4]}}, {"model": "orders.order", "pk": 22, "fields": {"user": 30, "payment": 19, "order_number": "2024030622214322", "first_name": "Rishabh", "last_name": "Agrawal", "phone": "4086399247", "email": "agrawalrishabhmanoj@gmail.com", "address": "1050 Benton Street, Apt 2318", "country": "United States", "state": "CA", "city": "Santa Clara", "pin_code": "95050", "total": 10.0, "tax_data": "{}", "total_data": "{\"11\": {\"10.00\": \"{}\"}}", "total_tax": 0.0, "payment_method": "PayPal", "status": "New", "is_ordered": true, "created_at": "2024-03-06T22:21:43.093Z", "updated_at": "2024-03-06T22:29:29.093Z", "vendors": [11]}}, {"model": "orders.order", "pk": 23, "fields": {"user": 30, "payment": 20, "order_number": "2024030622385423", "first_name": "Rishabh", "last_name": "Agrawal", "phone": "4086399247", "email": "agrawalrishabhmanoj@gmail.com", "address": "1050 Benton Street, Apt 2318", "country": "United States", "state": "CA", "city": "Santa Clara", "pin_code": "95050", "total": 110.0, "tax_data": "{}", "total_data": "{\"4\": {\"80.00\": \"{}\"}, \"11\": {\"30.00\": \"{}\"}}", "total_tax": 0.0, "payment_method": "PayPal", "status": "New", "is_ordered": true, "created_at": "2024-03-06T22:38:54.204Z", "updated_at": "2024-03-06T22:39:05.862Z", "vendors": [11, 4]}}, {"model": "orders.order", "pk": 24, "fields": {"user": 30, "payment": 21, "order_number": "2024030700143524", "first_name": "Rishabh", "last_name": "Agrawal", "phone": "4086399247", "email": "agrawalrishabhmanoj@gmail.com", "address": "1050 Benton Street, Apt 2318", "country": "United States", "state": "CA", "city": "Santa Clara", "pin_code": "95050", "total": 20.0, "tax_data": "{}", "total_data": "{\"11\": {\"20.00\": \"{}\"}}", "total_tax": 0.0, "payment_method": "PayPal", "status": "New", "is_ordered": true, "created_at": "2024-03-07T00:14:35.862Z", "updated_at": "2024-03-07T00:14:49.707Z", "vendors": [11]}}, {"model": "orders.order", "pk": 25, "fields": {"user": 30, "payment": 22, "order_number": "2024030700212325", "first_name": "Rishabh", "last_name": "Agrawal", "phone": "4086399247", "email": "agrawalrishabhmanoj@gmail.com", "address": "1050 Benton Street, Apt 2318", "country": "United States", "state": "CA", "city": "Santa Clara", "pin_code": "95050", "total": 20.0, "tax_data": "{}", "total_data": "{\"11\": {\"20.00\": \"{}\"}}", "total_tax": 0.0, "payment_method": "PayPal", "status": "New", "is_ordered": true, "created_at": "2024-03-07T00:21:23.882Z", "updated_at": "2024-03-07T00:21:32.788Z", "vendors": [11]}}, {"model": "orders.order", "pk": 26, "fields": {"user": 30, "payment": 23, "order_number": "2024030700253526", "first_name": "Rishabh", "last_name": "Agrawal", "phone": "4086399247", "email": "agrawalrishabhmanoj@gmail.com", "address": "1050 Benton Street, Apt 2318", "country": "United States", "state": "CA", "city": "Santa Clara", "pin_code": "95050", "total": 45.0, "tax_data": "{}", "total_data": "{\"11\": {\"10.00\": \"{}\"}, \"4\": {\"35.00\": \"{}\"}}", "total_tax": 0.0, "payment_method": "PayPal", "status": "New", "is_ordered": true, "created_at": "2024-03-07T00:25:35.200Z", "updated_at": "2024-03-07T00:25:44.182Z", "vendors": [11, 4]}}, {"model": "orders.orderedfood", "pk": 1, "fields": {"order": 8, "payment": 1, "user": 19, "fooditem": 11, "quantity": 2, "price": 10.0, "amount": 20.0, "created_at": "2024-03-06T07:53:28.487Z", "updated_at": "2024-03-06T07:53:28.487Z"}}, {"model": "orders.orderedfood", "pk": 2, "fields": {"order": 9, "payment": 2, "user": 19, "fooditem": 11, "quantity": 3, "price": 10.0, "amount": 30.0, "created_at": "2024-03-06T07:59:06.605Z", "updated_at": "2024-03-06T07:59:06.605Z"}}, {"model": "orders.orderedfood", "pk": 3, "fields": {"order": 12, "payment": 3, "user": 19, "fooditem": 11, "quantity": 3, "price": 10.0, "amount": 30.0, "created_at": "2024-03-06T08:11:57.376Z", "updated_at": "2024-03-06T08:11:57.376Z"}}, {"model": "orders.orderedfood", "pk": 4, "fields": {"order": 13, "payment": 4, "user": 19, "fooditem": 11, "quantity": 3, "price": 10.0, "amount": 30.0, "created_at": "2024-03-06T08:13:51.582Z", "updated_at": "2024-03-06T08:13:51.582Z"}}, {"model": "orders.orderedfood", "pk": 5, "fields": {"order": 14, "payment": 5, "user": 19, "fooditem": 11, "quantity": 3, "price": 10.0, "amount": 30.0, "created_at": "2024-03-06T08:15:22.457Z", "updated_at": "2024-03-06T08:15:22.457Z"}}, {"model": "orders.orderedfood", "pk": 6, "fields": {"order": 15, "payment": 6, "user": 19, "fooditem": 11, "quantity": 3, "price": 10.0, "amount": 30.0, "created_at": "2024-03-06T08:27:41.188Z", "updated_at": "2024-03-06T08:27:41.188Z"}}, {"model": "orders.orderedfood", "pk": 7, "fields": {"order": 16, "payment": 7, "user": 19, "fooditem": 1, "quantity": 2, "price": 19.98, "amount": 39.96, "created_at": "2024-03-06T08:32:37.675Z", "updated_at": "2024-03-06T08:32:37.675Z"}}, {"model": "orders.orderedfood", "pk": 8, "fields": {"order": 17, "payment": 10, "user": 19, "fooditem": 1, "quantity": 2, "price": 19.98, "amount": 39.96, "created_at": "2024-03-06T08:39:14.954Z", "updated_at": "2024-03-06T08:39:14.954Z"}}, {"model": "orders.orderedfood", "pk": 9, "fields": {"order": 17, "payment": 10, "user": 19, "fooditem": 10, "quantity": 1, "price": 20.0, "amount": 20.0, "created_at": "2024-03-06T08:39:14.957Z", "updated_at": "2024-03-06T08:39:14.958Z"}}, {"model": "orders.orderedfood", "pk": 10, "fields": {"order": 18, "payment": 11, "user": 19, "fooditem": 10, "quantity": 2, "price": 20.0, "amount": 40.0, "created_at": "2024-03-06T08:41:28.691Z", "updated_at": "2024-03-06T08:41:28.691Z"}}, {"model": "orders.orderedfood", "pk": 11, "fields": {"order": 19, "payment": 12, "user": 19, "fooditem": 10, "quantity": 1, "price": 20.0, "amount": 20.0, "created_at": "2024-03-06T09:19:56.726Z", "updated_at": "2024-03-06T09:19:56.726Z"}}, {"model": "orders.orderedfood", "pk": 12, "fields": {"order": 19, "payment": 12, "user": 19, "fooditem": 8, "quantity": 1, "price": 15.0, "amount": 15.0, "created_at": "2024-03-06T09:19:56.730Z", "updated_at": "2024-03-06T09:19:56.730Z"}}, {"model": "orders.orderedfood", "pk": 13, "fields": {"order": 19, "payment": 12, "user": 19, "fooditem": 11, "quantity": 1, "price": 10.0, "amount": 10.0, "created_at": "2024-03-06T09:19:56.734Z", "updated_at": "2024-03-06T09:19:56.734Z"}}, {"model": "orders.orderedfood", "pk": 14, "fields": {"order": 20, "payment": 13, "user": 19, "fooditem": 11, "quantity": 2, "price": 10.0, "amount": 20.0, "created_at": "2024-03-06T21:48:39.965Z", "updated_at": "2024-03-06T21:48:39.965Z"}}, {"model": "orders.orderedfood", "pk": 15, "fields": {"order": 20, "payment": 13, "user": 19, "fooditem": 12, "quantity": 8, "price": 10.0, "amount": 80.0, "created_at": "2024-03-06T21:48:39.969Z", "updated_at": "2024-03-06T21:48:39.969Z"}}, {"model": "orders.orderedfood", "pk": 16, "fields": {"order": 20, "payment": 13, "user": 19, "fooditem": 8, "quantity": 5, "price": 15.0, "amount": 75.0, "created_at": "2024-03-06T21:48:39.973Z", "updated_at": "2024-03-06T21:48:39.973Z"}}, {"model": "orders.orderedfood", "pk": 17, "fields": {"order": 20, "payment": 13, "user": 19, "fooditem": 7, "quantity": 7, "price": 20.0, "amount": 140.0, "created_at": "2024-03-06T21:48:39.976Z", "updated_at": "2024-03-06T21:48:39.976Z"}}, {"model": "orders.orderedfood", "pk": 18, "fields": {"order": 21, "payment": 14, "user": 30, "fooditem": 11, "quantity": 2, "price": 10.0, "amount": 20.0, "created_at": "2024-03-06T22:18:17.948Z", "updated_at": "2024-03-06T22:18:17.948Z"}}, {"model": "orders.orderedfood", "pk": 19, "fields": {"order": 21, "payment": 14, "user": 30, "fooditem": 12, "quantity": 2, "price": 10.0, "amount": 20.0, "created_at": "2024-03-06T22:18:17.952Z", "updated_at": "2024-03-06T22:18:17.952Z"}}, {"model": "orders.orderedfood", "pk": 20, "fields": {"order": 21, "payment": 14, "user": 30, "fooditem": 1, "quantity": 1, "price": 19.98, "amount": 19.98, "created_at": "2024-03-06T22:18:17.954Z", "updated_at": "2024-03-06T22:18:17.955Z"}}, {"model": "orders.orderedfood", "pk": 21, "fields": {"order": 22, "payment": 15, "user": 30, "fooditem": 11, "quantity": 1, "price": 10.0, "amount": 10.0, "created_at": "2024-03-06T22:21:53.137Z", "updated_at": "2024-03-06T22:21:53.137Z"}}, {"model": "orders.orderedfood", "pk": 22, "fields": {"order": 23, "payment": 20, "user": 30, "fooditem": 10, "quantity": 4, "price": 20.0, "amount": 80.0, "created_at": "2024-03-06T22:39:05.870Z", "updated_at": "2024-03-06T22:39:05.870Z"}}, {"model": "orders.orderedfood", "pk": 23, "fields": {"order": 23, "payment": 20, "user": 30, "fooditem": 11, "quantity": 3, "price": 10.0, "amount": 30.0, "created_at": "2024-03-06T22:39:05.875Z", "updated_at": "2024-03-06T22:39:05.875Z"}}, {"model": "orders.orderedfood", "pk": 24, "fields": {"order": 24, "payment": 21, "user": 30, "fooditem": 11, "quantity": 2, "price": 10.0, "amount": 20.0, "created_at": "2024-03-07T00:14:49.712Z", "updated_at": "2024-03-07T00:14:49.712Z"}}, {"model": "orders.orderedfood", "pk": 25, "fields": {"order": 25, "payment": 22, "user": 30, "fooditem": 11, "quantity": 2, "price": 10.0, "amount": 20.0, "created_at": "2024-03-07T00:21:32.793Z", "updated_at": "2024-03-07T00:21:32.793Z"}}, {"model": "orders.orderedfood", "pk": 26, "fields": {"order": 26, "payment": 23, "user": 30, "fooditem": 11, "quantity": 1, "price": 10.0, "amount": 10.0, "created_at": "2024-03-07T00:25:44.190Z", "updated_at": "2024-03-07T00:25:44.190Z"}}, {"model": "orders.orderedfood", "pk": 27, "fields": {"order": 26, "payment": 23, "user": 30, "fooditem": 7, "quantity": 1, "price": 20.0, "amount": 20.0, "created_at": "2024-03-07T00:25:44.195Z", "updated_at": "2024-03-07T00:25:44.195Z"}}, {"model": "orders.orderedfood", "pk": 28, "fields": {"order": 26, "payment": 23, "user": 30, "fooditem": 8, "quantity": 1, "price": 15.0, "amount": 15.0, "created_at": "2024-03-07T00:25:44.198Z", "updated_at": "2024-03-07T00:25:44.198Z"}}]